"Product","Vendor","Price","Date"
"Jacking Master Free Access","jorvidu","0.00","2022-03-31 20:56:45"
"Jacking Master Free Access","jorvidu","0.00","2022-03-31 20:52:01"
"Commission Upgrade - Members Access","WebBizDevelopers","0.00","2022-02-24 18:49:01"
"Instant Profits Club - Members Access","WebBizDevelopers","0.00","2022-02-23 23:32:22"
"Super Funnels","brendan mace","0.00","2022-02-06 17:41:59"
"Jacking Master Free Access","jorvidu","0.00","2022-02-04 16:23:45"
"Super Funnels","brendan mace","0.00","2022-02-04 11:56:30"
"Super Funnels","brendan mace","0.00","2022-01-21 14:11:20"
"Super Funnels","brendan mace","0.00","2022-01-17 09:21:21"
"Super Funnels","brendan mace","0.00","2022-01-16 15:26:53"
"Super Funnels","brendan mace","0.00","2022-01-15 15:51:18"
"Super Funnels","brendan mace","0.00","2022-01-14 14:23:45"
"Super Funnels","brendan mace","0.00","2022-01-08 06:08:39"
"Invisible FE","brendan mace","0.00","2022-01-05 14:54:45"
"Invisible FE","brendan mace","0.00","2022-01-05 14:54:05"
"Invisible FE","brendan mace","0.00","2022-01-05 14:49:37"
"Super Funnels","brendan mace","0.00","2021-12-31 13:49:19"
"Super Funnels","brendan mace","0.00","2021-12-12 09:23:14"
"You Gen Bots","brendan mace","0.00","2021-07-22 21:06:29"
"You Gen Bots","brendan mace","0.00","2021-07-17 15:47:15"
"You Gen Bots","brendan mace","0.00","2021-07-03 15:51:40"
"You Gen Bots","brendan mace","0.00","2021-07-03 15:20:54"
"You Gen Bots","brendan mace","0.00","2021-07-03 15:16:48"
